baseline_rss_bytes,cleanup_complete,cpu_utilization_percent,creation_seconds,endpoint_count,fidelity,idle_cpu_seconds,idle_wall_seconds,incremental_memory_after_traffic_bytes,incremental_memory_bytes,latency_cold_mean_ms,latency_max_ms,latency_p50_ms,latency_p95_ms,latency_warm_mean_ms,packet_loss_percent,peak_incremental_memory_bytes,python_heap_bytes_per_endpoint,python_heap_deployed_bytes,python_heap_peak_bytes,python_heap_residual_bytes,repeat,residual_memory_after_teardown_bytes,teardown_seconds,traffic_attempts,traffic_cpu_microseconds_per_echo,traffic_cpu_seconds,traffic_successes,traffic_wall_seconds
31596544,True,0.759908673890154,0.00017973501235246658,10,L0,6.005000000000593e-05,0.5001208209432662,0,0,0.15724548656079504,0.4318780265748501,0.06943615153431892,0.4318780265748501,0.06308313459157944,0.0,0,2661.8,26618,27626,2216,1,0,7.447367534041405e-05,18,111.36872222222243,0.0020046370000000036,18,0.001998637802898884
31674368,True,0.5855271633165563,0.00014552194625139236,10,L0,9.058500000000413e-05,0.500136555172503,0,0,0.12146583240893152,0.2928059548139572,0.052720773965120316,0.2928059548139572,0.04093830163280169,0.0,0,2661.8,26618,27626,2216,2,0,8.411798626184464e-05,18,79.6501111111116,0.001433702000000009,18,0.0014739390462636948
31694848,True,0.6576669999292456,0.00012690294533967972,10,L0,5.373999999999657e-05,0.5001095123589039,0,0,0.11430070218112734,0.32602669671177864,0.07144920527935028,0.32602669671177864,0.07011058429876964,0.0,0,2661.8,26618,27626,2216,3,0,8.214497938752174e-05,18,93.40127777777676,0.0016812229999999817,18,0.0016747438348829746
31633408,True,1.3614145908188604,0.0003753630444407463,25,L0,6.665100000002866e-05,0.5001132311299443,4096,0,0.1422277418896556,0.42084092274308205,0.0977800227701664,0.2504820004105568,0.06239556629831592,0.0,4096,2729.84,68246,71350,8152,1,4096,9.969202801585197e-05,48,98.52760416666679,0.0047293250000000064,48,0.004938862286508083
31764480,True,1.0867181926483886,0.0002921847626566887,25,L0,4.706099999998714e-05,0.5000996268354356,0,0,0.10149487449477117,0.3670412115752697,0.06530014798045158,0.16612280160188675,0.048434031972040735,0.0,0,2729.68,68242,71346,8152,2,0,0.00013767089694738388,48,74.93160416666665,0.0035967169999999993,48,0.00362129183486104
31600640,True,1.0717274817122668,0.00022538425400853157,25,L0,5.913899999998584e-05,0.5001088622957468,0,0,0.10075872220719854,0.4943651147186756,0.06604008376598358,0.11741882190108299,0.05062987717489401,0.0,0,2729.84,68246,71350,8152,3,0,9.441422298550606e-05,48,74.50368749999971,0.003576176999999986,48,0.003655694890767336
31776768,True,1.838230902270558,0.000612444244325161,50,L0,5.077700000000185e-05,0.500092547852546,4096,4096,0.08600430411039567,0.35154493525624275,0.0681052915751934,0.12010382488369942,0.056246238551577746,0.0,4096,2629.48,131474,135330,18304,1,4096,0.00011753896251320839,98,69.01712244897953,0.006763677999999995,98,0.007003972306847572
31928320,True,2.075010326420098,0.0006402870640158653,50,L0,6.321400000000588e-05,0.5001044259406626,0,0,0.11510642397464538,0.41895825415849686,0.07068784907460213,0.20230794325470924,0.05457711843203525,0.0,0,2629.48,131474,135330,18304,2,0,8.856598287820816e-05,98,82.4788571428576,0.008082928000000045,98,0.008359348867088556
31719424,True,1.8677010535178902,0.0006218580529093742,50,L0,5.459099999999273e-05,0.5001130779273808,4096,4096,0.10327155682809498,0.3826436586678028,0.06778398528695107,0.22130785509943962,0.05400271097920379,0.0,4096,2629.48,131474,135330,18304,3,4096,9.934185072779655e-05,98,72.92368367346955,0.007146521000000017,98,0.007750209420919418
